{
 "R1_5fold": {
  "p25": {
   "coverage": 1.0,
   "hits10_base": 0.678671,
   "hits10_degree": 0.685551,
   "hits10_struct": 0.701801,
   "hits1_base": 0.190016,
   "hits1_struct": 0.235397,
   "hits5_base": 0.455277,
   "hits5_struct": 0.528034,
   "info_gain_bits": 0.08766,
   "info_gain_ci_hi": 0.136518,
   "info_gain_ci_lo": 0.038802,
   "mean_nll_base": 4.757708,
   "mean_nll_struct": 4.670048,
   "mean_rankpct_base": 0.114666,
   "mean_rankpct_struct": 0.099614,
   "mrr_base": 0.331876,
   "mrr_degree": 0.358523,
   "mrr_gain": 0.04784,
   "mrr_gain_ci_hi": 0.057265,
   "mrr_gain_ci_lo": 0.038415,
   "mrr_struct": 0.379716,
   "n_instances": 6831,
   "oov_excluded": 0,
   "ppl_base": 27.052828,
   "ppl_struct": 25.458009,
   "vocab_mean": 103.0
  },
  "p50": {
   "coverage": 1.0,
   "hits10_base": 0.672074,
   "hits10_degree": 0.679212,
   "hits10_struct": 0.705329,
   "hits1_base": 0.179901,
   "hits1_struct": 0.1915,
   "hits5_base": 0.449023,
   "hits5_struct": 0.5234,
   "info_gain_bits": 0.153216,
   "info_gain_ci_hi": 0.18,
   "info_gain_ci_lo": 0.126432,
   "mean_nll_base": 4.795797,
   "mean_nll_struct": 4.642581,
   "mean_rankpct_base": 0.116179,
   "mean_rankpct_struct": 0.10229,
   "mrr_base": 0.322875,
   "mrr_degree": 0.347525,
   "mrr_gain": 0.025676,
   "mrr_gain_ci_hi": 0.031422,
   "mrr_gain_ci_lo": 0.01993,
   "mrr_struct": 0.34855,
   "n_instances": 12329,
   "oov_excluded": 0,
   "ppl_base": 27.776578,
   "ppl_struct": 24.977912,
   "vocab_mean": 103.0
  },
  "single": {
   "bootstrap_resamples": 1000,
   "coverage": 1.0,
   "hits10_base": 0.669024,
   "hits10_degree": 0.674898,
   "hits10_struct": 0.681846,
   "hits1_base": 0.172892,
   "hits1_struct": 0.232287,
   "hits5_base": 0.441742,
   "hits5_struct": 0.505811,
   "info_gain_bits": -0.054788,
   "info_gain_boot_ci_hi": -0.022423,
   "info_gain_boot_ci_lo": -0.085094,
   "info_gain_ci_hi": -0.023426,
   "info_gain_ci_lo": -0.08615,
   "mean_nll_base": 4.827765,
   "mean_nll_struct": 4.882553,
   "mean_rankpct_base": 0.118191,
   "mean_rankpct_struct": 0.107507,
   "mrr_base": 0.31623,
   "mrr_degree": 0.34137,
   "mrr_gain": 0.053827,
   "mrr_gain_ci_hi": 0.059279,
   "mrr_gain_ci_lo": 0.048375,
   "mrr_struct": 0.370057,
   "n_instances": 24177,
   "oov_excluded": 0,
   "ppl_base": 28.398931,
   "ppl_struct": 29.498158,
   "vocab_mean": 103.0
  }
 },
 "method": "predictivity-discovery-1.0",
 "unit": "concept",
 "variant": "2a frozen memberships"
}