{
 "R1_5fold": {
  "p25": {
   "coverage": 0.986735,
   "hits10_base": 0.193755,
   "hits10_degree": 0.194883,
   "hits10_struct": 0.191587,
   "hits1_base": 0.040243,
   "hits1_struct": 0.037814,
   "hits5_base": 0.133478,
   "hits5_struct": 0.120642,
   "info_gain_bits": -2.155991,
   "info_gain_ci_hi": -2.040627,
   "info_gain_ci_lo": -2.271355,
   "mean_nll_base": 8.511578,
   "mean_nll_struct": 10.667569,
   "mean_rankpct_base": 0.102309,
   "mean_rankpct_struct": 0.093846,
   "mrr_base": 0.096539,
   "mrr_degree": 0.096152,
   "mrr_gain": -0.00584,
   "mrr_gain_ci_hi": -0.000633,
   "mrr_gain_ci_lo": -0.011047,
   "mrr_struct": 0.090699,
   "n_instances": 11530,
   "oov_excluded": 155,
   "ppl_base": 364.955868,
   "ppl_struct": 1626.516144,
   "vocab_mean": 1547.962533
  },
  "p50": {
   "coverage": 0.987628,
   "hits10_base": 0.201153,
   "hits10_degree": 0.202514,
   "hits10_struct": 0.196342,
   "hits1_base": 0.042436,
   "hits1_struct": 0.033223,
   "hits5_base": 0.140244,
   "hits5_struct": 0.122907,
   "info_gain_bits": -1.107151,
   "info_gain_ci_hi": -1.050578,
   "info_gain_ci_lo": -1.163724,
   "mean_nll_base": 8.469133,
   "mean_nll_struct": 9.576284,
   "mean_rankpct_base": 0.100157,
   "mean_rankpct_struct": 0.094474,
   "mrr_base": 0.099798,
   "mrr_degree": 0.099292,
   "mrr_gain": -0.010718,
   "mrr_gain_ci_hi": -0.007324,
   "mrr_gain_ci_lo": -0.014112,
   "mrr_struct": 0.089079,
   "n_instances": 22033,
   "oov_excluded": 276,
   "ppl_base": 354.374892,
   "ppl_struct": 763.393756,
   "vocab_mean": 1547.949712
  },
  "single": {
   "bootstrap_resamples": 1000,
   "coverage": 0.988185,
   "hits10_base": 0.199209,
   "hits10_degree": 0.200375,
   "hits10_struct": 0.182429,
   "hits1_base": 0.042955,
   "hits1_struct": 0.035983,
   "hits5_base": 0.136936,
   "hits5_struct": 0.115493,
   "info_gain_bits": -3.316399,
   "info_gain_boot_ci_hi": -3.242065,
   "info_gain_boot_ci_lo": -3.390549,
   "info_gain_ci_hi": -3.24209,
   "info_gain_ci_lo": -3.390708,
   "mean_nll_base": 8.465858,
   "mean_nll_struct": 11.782258,
   "mean_rankpct_base": 0.0995,
   "mean_rankpct_struct": 0.092694,
   "mrr_base": 0.099013,
   "mrr_degree": 0.098578,
   "mrr_gain": -0.011589,
   "mrr_gain_ci_hi": -0.008857,
   "mrr_gain_ci_lo": -0.014321,
   "mrr_struct": 0.087424,
   "n_instances": 43743,
   "oov_excluded": 523,
   "ppl_base": 353.57154,
   "ppl_struct": 3522.191852,
   "vocab_mean": 1547.928286
  }
 },
 "method": "predictivity-discovery-1.0",
 "regimes": {
  "R1_k10": {
   "coverage": 0.989744,
   "hits10_base": 0.199238,
   "hits10_degree": 0.196955,
   "hits10_struct": 0.187026,
   "hits1_base": 0.042888,
   "hits1_struct": 0.036132,
   "hits5_base": 0.138113,
   "hits5_struct": 0.119145,
   "info_gain_bits": -3.373617,
   "info_gain_ci_hi": -3.296809,
   "info_gain_ci_lo": -3.450425,
   "mean_nll_base": 8.474773,
   "mean_nll_struct": 11.848389,
   "mean_rankpct_base": 0.0975,
   "mean_rankpct_struct": 0.08905,
   "mrr_base": 0.098911,
   "mrr_degree": 0.09833,
   "mrr_gain": -0.009709,
   "mrr_gain_ci_hi": -0.00698,
   "mrr_gain_ci_lo": -0.012438,
   "mrr_struct": 0.089202,
   "n_instances": 43812,
   "oov_excluded": 454,
   "ppl_base": 355.762965,
   "ppl_struct": 3687.402408,
   "vocab_mean": 1598.101045
  },
  "R2_blocks": {
   "coverage": 0.984435,
   "hits10_base": 0.197948,
   "hits10_degree": 0.199761,
   "hits10_struct": 0.168851,
   "hits1_base": 0.043119,
   "hits1_struct": 0.029809,
   "hits5_base": 0.137481,
   "hits5_struct": 0.105262,
   "info_gain_bits": -3.061157,
   "info_gain_ci_hi": -3.000061,
   "info_gain_ci_lo": -3.122253,
   "mean_nll_base": 8.487041,
   "mean_nll_struct": 11.548198,
   "mean_rankpct_base": 0.101865,
   "mean_rankpct_struct": 0.099749,
   "mrr_base": 0.099018,
   "mrr_degree": 0.098209,
   "mrr_gain": -0.019729,
   "mrr_gain_ci_hi": -0.017112,
   "mrr_gain_ci_lo": -0.022346,
   "mrr_struct": 0.07929,
   "n_instances": 43577,
   "oov_excluded": 689,
   "ppl_base": 358.801334,
   "ppl_struct": 2994.705255,
   "vocab_mean": 1535.089611
  },
  "R3_fwd25": {
   "coverage": 0.954568,
   "hits10_base": 0.197831,
   "hits10_degree": 0.197831,
   "hits10_struct": 0.129663,
   "hits1_base": 0.037345,
   "hits1_struct": 0.019977,
   "hits5_base": 0.13026,
   "hits5_struct": 0.077299,
   "info_gain_bits": -2.541672,
   "info_gain_ci_hi": -2.478813,
   "info_gain_ci_lo": -2.604531,
   "mean_nll_base": 8.434243,
   "mean_nll_struct": 10.975915,
   "mean_rankpct_base": 0.137821,
   "mean_rankpct_struct": 0.15374,
   "mrr_base": 0.094546,
   "mrr_degree": 0.092814,
   "mrr_gain": -0.033862,
   "mrr_gain_ci_hi": -0.030822,
   "mrr_gain_ci_lo": -0.036902,
   "mrr_struct": 0.060684,
   "n_instances": 26831,
   "oov_excluded": 1277,
   "ppl_base": 345.907512,
   "ppl_struct": 2014.093139,
   "vocab_mean": 1043.0
  },
  "R3_fwd50": {
   "coverage": 0.976888,
   "hits10_base": 0.190644,
   "hits10_degree": 0.191363,
   "hits10_struct": 0.162374,
   "hits1_base": 0.038632,
   "hits1_struct": 0.027552,
   "hits5_base": 0.13051,
   "hits5_struct": 0.097628,
   "info_gain_bits": -2.327211,
   "info_gain_ci_hi": -2.240994,
   "info_gain_ci_lo": -2.413428,
   "mean_nll_base": 8.509699,
   "mean_nll_struct": 10.836909,
   "mean_rankpct_base": 0.114835,
   "mean_rankpct_struct": 0.117101,
   "mrr_base": 0.093268,
   "mrr_degree": 0.092888,
   "mrr_gain": -0.018976,
   "mrr_gain_ci_hi": -0.014891,
   "mrr_gain_ci_lo": -0.023061,
   "mrr_struct": 0.074291,
   "n_instances": 16696,
   "oov_excluded": 395,
   "ppl_base": 364.48071,
   "ppl_struct": 1829.088908,
   "vocab_mean": 1357.0
  },
  "R3_fwd75": {
   "coverage": 0.969886,
   "hits10_base": 0.165592,
   "hits10_degree": 0.162878,
   "hits10_struct": 0.166949,
   "hits1_base": 0.032406,
   "hits1_struct": 0.031558,
   "hits5_base": 0.11639,
   "hits5_struct": 0.10621,
   "info_gain_bits": -1.750436,
   "info_gain_ci_hi": -1.610432,
   "info_gain_ci_lo": -1.89044,
   "mean_nll_base": 8.848376,
   "mean_nll_struct": 10.598813,
   "mean_rankpct_base": 0.129287,
   "mean_rankpct_struct": 0.122984,
   "mrr_base": 0.080062,
   "mrr_degree": 0.078631,
   "mrr_gain": -0.001195,
   "mrr_gain_ci_hi": 0.005368,
   "mrr_gain_ci_lo": -0.007758,
   "mrr_struct": 0.078867,
   "n_instances": 5894,
   "oov_excluded": 183,
   "ppl_base": 460.921141,
   "ppl_struct": 1550.816836,
   "vocab_mean": 1484.0
  },
  "R4_lenstrat": {
   "coverage": 0.988253,
   "hits10_base": 0.19851,
   "hits10_degree": 0.19867,
   "hits10_struct": 0.184748,
   "hits1_base": 0.042952,
   "hits1_struct": 0.034997,
   "hits5_base": 0.13711,
   "hits5_struct": 0.116171,
   "info_gain_bits": -3.365943,
   "info_gain_ci_hi": -3.289941,
   "info_gain_ci_lo": -3.441945,
   "mean_nll_base": 8.466173,
   "mean_nll_struct": 11.832116,
   "mean_rankpct_base": 0.099448,
   "mean_rankpct_struct": 0.092328,
   "mrr_base": 0.099018,
   "mrr_degree": 0.09874,
   "mrr_gain": -0.01113,
   "mrr_gain_ci_hi": -0.008407,
   "mrr_gain_ci_lo": -0.013853,
   "mrr_struct": 0.087888,
   "n_instances": 43746,
   "oov_excluded": 520,
   "ppl_base": 353.648576,
   "ppl_struct": 3646.043613,
   "vocab_mean": 1548.818521
  }
 },
 "s2_directional_R1": {
  "hits10_base": 0.199209,
  "hits10_degree": 0.200375,
  "hits10_struct": 0.127929,
  "hits1_base": 0.042955,
  "hits1_struct": 0.019729,
  "hits5_base": 0.136936,
  "hits5_struct": 0.076789,
  "info_gain_bits": -3.267454,
  "info_gain_ci_hi": -3.20351,
  "info_gain_ci_lo": -3.331398,
  "mean_nll_base": 8.465858,
  "mean_nll_struct": 11.733312,
  "mean_rankpct_base": 0.0995,
  "mean_rankpct_struct": 0.109986,
  "mrr_base": 0.099013,
  "mrr_degree": 0.098578,
  "mrr_gain": -0.038972,
  "mrr_gain_ci_hi": -0.036528,
  "mrr_gain_ci_lo": -0.041416,
  "mrr_struct": 0.060041,
  "n_instances": 43743,
  "ppl_base": 353.57154,
  "ppl_struct": 3404.700505,
  "vocab_mean": 1547.928286
 },
 "unit": "root"
}